{"cameraMode":{"drawMode":0,"name":"Shaded","section":"Shading Mode"},"sceneLighting":false,"audioPlay":false,"sceneViewState":{"m_AlwaysRefresh":true,"showFog":true,"showSkybox":true,"showFlares":true,"showImageEffects":true,"showParticleSystems":true,"showVisualEffectGraphs":true,"m_FxEnabled":true},"in2DMode":false,"pivot":{"x":22.18157958984375,"y":1.2539165019989014,"z":-4.1020050048828129},"rotation":{"x":0.00712714996188879,"y":0.13220708072185517,"z":0.0009522088803350925,"w":-0.9912058711051941},"size":29.444658279418947,"orthographic":false}