{"cameraMode":{"drawMode":0,"name":"Shaded","section":"Shading Mode"},"sceneLighting":false,"audioPlay":false,"sceneViewState":{"m_AlwaysRefresh":true,"showFog":true,"showSkybox":false,"showFlares":true,"showImageEffects":true,"showParticleSystems":true,"showVisualEffectGraphs":true,"m_FxEnabled":true},"in2DMode":false,"pivot":{"x":0.00025106570683419704,"y":0.001153338118456304,"z":0.01320810429751873},"rotation":{"x":-0.039159104228019717,"y":0.08443181216716767,"z":-0.003319529350847006,"w":-0.9956589937210083},"size":0.01803673431277275,"orthographic":false}