{"cameraMode":{"drawMode":0,"name":"Shaded","section":"Shading Mode"},"sceneLighting":false,"audioPlay":false,"sceneViewState":{"m_AlwaysRefresh":true,"showFog":true,"showSkybox":false,"showFlares":true,"showImageEffects":true,"showParticleSystems":true,"showVisualEffectGraphs":true,"m_FxEnabled":true},"in2DMode":false,"pivot":{"x":0.019097473472356797,"y":0.174244225025177,"z":0.7749321460723877},"rotation":{"x":-0.07036787271499634,"y":0.10364977270364762,"z":-0.007350750733166933,"w":-0.9921001195907593},"size":2.8712737560272219,"orthographic":false}